1914	09	20	AR	BR	3	0	F		11	1950	1889	0	−	5	7
1914	09	27	AR	BR	0	1	ROC		-21	1929	1910	0	0	5	7
1916	07	08	BR	CL	1	1	SA	AR	-23	1887	1407	0	0	7	25
1916	07	10	AR	BR	1	1	SA		-10	1932	1897	−1	0	5	7
1916	07	12	UY	BR	2	1	SA	AR	24	1941	1873	+2	−1	4	8
1916	07	18	UY	BR	0	1	F		-15	1933	1888	−1	+1	5	7
1917	10	03	AR	BR	4	2	SA	UY	27	2010	1861	0	−3	3	9
1917	10	07	UY	BR	4	0	SA		31	1911	1830	+1	−1	6	10
1917	10	12	BR	CL	5	0	SA	UY	8	1838	1393	+1	0	9	26
1917	10	16	UY	BR	3	1	F		7	1943	1831	0	−1	6	10
1919	05	11	BR	CL	6	0	SA		5	1836	1398	0	−1	9	28
1919	05	18	BR	AR	3	1	SA		43	1879	1940	+1	−2	8	6
1919	05	25	BR	UY	2	2	SA		-1	1878	1967	0	0	8	4
1919	05	29	BR	UY	1	0	SA		24	1902	1943	+1	−2	7	6
1919	06	01	BR	AR	3	3	RCH		-2	1900	1961	0	0	7	4
1920	09	11	CL	BR	0	1	SA		-4	1388	1904	0	0	31	8
1920	09	18	UY	BR	6	0	SA	CL	40	2032	1864	+1	−2	1	10
1920	09	25	AR	BR	2	0	SA	CL	35	1926	1829	+1	−1	6	11
1920	10	06	AR	BR	3	1	F		7	1933	1822	+1	0	5	11
1921	10	02	AR	BR	1	0	SA		12	1929	1810	0	0	7	13
1921	10	12	BR	PY	3	0	SA	AR	45	1855	1772	+4	−2	10	15
1921	10	23	UY	BR	2	1	SA	AR	16	2009	1839	0	−2	2	12
1922	09	17	BR	CL	1	1	SA		-23	1816	1435	−2	0	13	40
1922	09	24	BR	PY	1	1	SA		-11	1805	1762	0	0	13	15
1922	10	01	BR	UY	0	0	SA		7	1812	1993	0	0	13	2
1922	10	15	BR	AR	2	0	SA		40	1852	1896	+4	−4	10	7
1922	10	22	BR	AR	2	1	ROC		14	1866	1912	+2	0	8	5
1922	10	22	BR	PY	3	0	SA		23	1889	1761	+2	−1	8	15
1922	10	29	BR	PY	3	1	RAC		10	1899	1751	+1	0	7	15
1923	11	11	PY	BR	1	0	SA	UY	35	1786	1864	+1	−2	14	10
1923	11	18	AR	BR	2	1	SA	UY	20	1961	1844	+2	0	2	10
1923	11	22	BR	PY	2	0	RAC	UY	19	1863	1767	0	−1	10	15
1923	11	25	UY	BR	2	1	SA		13	1959	1850	0	0	3	10
1923	12	02	AR	BR	0	2	CYC		-35	1926	1885	−5	+1	7	9
1923	12	09	AR	BR	2	0	ROC		16	1903	1869	+1	−1	7	10
1925	12	06	BR	PY	5	2	SA	AR	39	1908	1792	+2	−3	6	14
1925	12	13	AR	BR	4	1	SA		25	1991	1883	+1	−1	2	7
1925	12	17	BR	PY	3	1	SA	AR	28	1911	1764	+1	−1	6	15
1925	12	25	AR	BR	2	2	SA		-12	1989	1923	0	0	2	6
1930	07	14	YU	BR	2	1	WC	UY	52	1642	1871	+4	−1	26	9
1930	07	20	BR	BO	4	0	WC	UY	3	1874	1244	0	0	9	62
1930	08	01	BR	FR	3	2	F		2	1876	1575	0	0	9	34
1930	08	10	BR	YU	4	1	F		4	1880	1638	0	0	9	27
1930	08	17	BR	US	4	3	F		5	1885	1761	0	0	9	15
1931	09	06	BR	UY	2	0	RBC		26	1911	2008	+1	0	8	2
1932	12	04	UY	BR	1	2	RBC		-23	1985	1934	0	+1	4	7
1934	05	27	ES	BR	3	1	WC	IT	45	1981	1889	+1	0	5	7
1934	06	03	YU	BR	8	4	F		30	1582	1859	+2	−2	39	9
1936	12	27	BR	PE	3	2	SA	AR	8	1867	1551	0	0	10	42
1937	01	03	BR	CL	6	4	SA	AR	13	1880	1586	0	−2	10	37
1937	01	13	BR	PY	5	0	SA	AR	38	1918	1756	+2	0	7	14
1937	01	19	BR	UY	3	2	SA	AR	21	1939	1848	+2	−1	5	11
1937	01	30	AR	BR	1	0	SA		15	2001	1924	0	−2	2	7
1937	02	01	AR	BR	2	0	SA		20	2021	1904	0	−1	2	8
1938	06	05	BR	PL	6	5	WC	FR	10	1914	1619	+1	−1	7	36
1938	06	12	BR	CS	1	1	WC	FR	-5	1909	1864	−1	0	8	9
1938	06	14	BR	CS	2	1	WC	FR	26	1935	1838	+1	−2	7	11
1938	06	16	IT	BR	2	1	WC	FR	19	2092	1916	0	0	1	7
1938	06	19	BR	SE	4	2	WC	FR	19	1935	1663	0	−4	7	27
1939	01	15	BR	AR	1	5	ROC		-25	1910	2095	−1	0	8	2
1939	01	22	BR	AR	2	2	ROC		4	1914	2091	+1	0	7	2
1940	02	18	BR	AR	2	2	ROC		3	1917	2085	0	0	7	1
1940	02	25	BR	AR	0	3	ROC		-21	1896	2109	0	0	7	1
1940	03	05	AR	BR	6	1	ROC		8	2119	1888	0	0	1	7
1940	03	10	AR	BR	2	3	ROC		-26	2094	1914	0	0	1	7
1940	03	17	AR	BR	5	1	ROC		9	2103	1905	0	0	1	7
1940	03	24	BR	UY	3	4	RBC		-21	1884	1872	0	+2	7	8
1940	03	31	BR	UY	1	1	RBC		-5	1879	1877	−1	−1	8	9
1942	01	14	BR	CL	6	1	SA	UY	16	1895	1580	+1	−2	8	44
1942	01	17	AR	BR	2	1	SA	UY	11	2122	1884	0	−1	1	9
1942	01	21	BR	PE	2	1	SA	UY	13	1897	1688	0	−3	8	24
1942	01	24	UY	BR	1	0	SA		15	1953	1882	+1	0	5	8
1942	01	31	BR	EC	5	1	SA	UY	2	1884	1251	0	0	8	87
1942	02	05	BR	PY	1	1	SA	UY	-12	1872	1722	0	+4	8	17
1944	05	14	BR	UY	6	1	F		21	1893	1960	+1	0	9	5
1944	05	18	BR	UY	4	0	F		17	1910	1943	+1	−1	8	6
1945	01	21	BR	CO	3	0	SA	CL	3	1913	1342	0	−2	8	74
1945	01	28	BR	BO	2	0	SA	CL	2	1915	1312	0	−1	8	78
1945	02	07	BR	UY	3	0	SA	CL	48	1963	1900	+3	−4	5	9
1945	02	15	AR	BR	3	1	SA	CL	26	2097	1937	+1	−1	1	6
1945	02	21	BR	EC	9	2	SA	CL	2	1939	1210	0	0	6	92
1945	02	28	CL	BR	0	1	SA		-14	1658	1953	−5	+1	32	5
1945	12	16	BR	AR	3	4	ROC		-14	1939	2089	−1	+1	5	1
1945	12	20	BR	AR	6	2	ROC		32	1971	2057	+1	−1	4	2
1945	12	23	BR	AR	3	1	ROC		22	1993	2035	0	0	4	2
1946	01	05	UY	BR	4	3	RBC		17	1872	1976	0	0	11	4
1946	01	09	UY	BR	1	1	RBC		0	1872	1976	0	0	11	4
1946	01	16	BR	BO	3	0	SA	AR	2	1978	1307	0	−1	4	76
1946	01	23	BR	UY	4	3	SA	AR	18	1996	1865	0	0	4	11
1946	01	29	BR	PY	1	1	SA	AR	-16	1980	1747	0	0	4	16
1946	02	03	BR	CL	5	1	SA	AR	14	1994	1661	0	−2	4	27
1946	02	10	AR	BR	2	0	SA		21	2081	1973	+1	0	1	4
1947	03	29	UY	BR	0	0	RBC		2	1827	1971	0	−1	11	5
1947	04	01	BR	UY	3	2	RBC		6	1977	1821	+2	0	3	11
1948	04	04	UY	BR	1	1	RBC		2	1822	1975	0	0	15	4
1948	04	11	UY	BR	4	2	RBC		26	1848	1949	+2	0	13	4
1949	04	03	BR	EC	9	1	SA		1	1950	1217	0	0	5	97
1949	04	10	BR	BO	10	1	SA		2	1952	1323	0	−2	5	81
1949	04	13	BR	CL	2	1	SA		5	1957	1652	0	0	5	32
1949	04	17	BR	CO	5	0	SA		2	1959	1381	0	−1	5	74
1949	04	24	BR	PE	7	1	SA		9	1968	1643	0	+1	5	31
1949	04	30	BR	UY	5	1	SA		19	1987	1809	0	−1	5	13
1949	05	08	BR	PY	1	2	SA		-39	1948	1904	0	+2	5	8
1949	05	11	BR	PY	7	0	SA		34	1982	1870	0	−1	5	9
1950	05	06	BR	UY	3	4	RBC		-27	1955	1745	−3	+7	6	16
1950	05	07	BR	PY	2	0	OCC		12	1967	1869	+1	0	5	10
1950	05	13	BR	PY	3	3	OCC		-8	1959	1877	0	0	5	10
1950	05	14	BR	UY	3	2	RBC		4	1963	1741	0	0	5	16
1950	05	18	BR	UY	1	0	RBC		4	1967	1737	0	0	5	16
1950	06	24	BR	MX	4	0	WC		23	1990	1811	+2	−1	3	13
1950	06	28	BR	CH	2	2	WC		-25	1965	1698	0	+3	4	24
1950	07	01	BR	YU	2	0	WC		25	1990	1878	0	−1	4	11
1950	07	09	BR	SE	7	1	WC		46	2036	1947	+1	−4	2	6
1950	07	13	BR	ES	6	1	WC		30	2066	1915	0	0	2	7
1950	07	16	BR	UY	1	2	WC		-53	2013	1872	0	+3	2	10
1952	04	06	BR	MX	2	0	PAC	CL	9	2022	1657	0	−1	2	31
1952	04	10	BR	PE	0	0	PAC	CL	-18	2004	1724	0	+4	2	20
1952	04	13	BR	PA	5	0	PAC	CL	4	2008	1435	0	0	2	68
1952	04	16	BR	UY	4	2	PAC	CL	24	2032	1856	0	−1	2	11
1952	04	20	CL	BR	0	3	PAC		-25	1745	2057	−1	0	17	2
1953	03	01	BR	BO	8	1	SA	PE	4	2061	1458	0	0	3	65
1953	03	12	BR	EC	2	0	SA	PE	1	2062	1286	0	−1	3	98
1953	03	15	BR	UY	1	0	SA	PE	10	2072	1820	0	0	3	13
1953	03	19	PE	BR	1	0	SA		41	1757	2031	+2	0	18	3
1953	03	23	BR	CL	3	2	SA	PE	9	2040	1751	0	−2	3	18
1953	03	27	PY	BR	2	1	SA	PE	37	1893	2003	+1	−1	9	4
1953	04	01	PY	BR	3	2	SA	PE	33	1926	1970	+3	0	6	4
1954	02	28	CL	BR	0	2	WQ		-15	1667	1985	−2	0	28	4
1954	03	07	PY	BR	0	1	WQ		-24	1932	2009	−2	+1	7	3
1954	03	14	BR	CL	1	0	WQ		3	2012	1664	0	−1	3	29
1954	03	21	BR	PY	4	1	WQ		18	2030	1914	0	−1	3	8
1954	06	16	BR	MX	5	0	WC	CH	16	2046	1683	0	−1	3	25
1954	06	19	BR	YU	1	1	WC	CH	-8	2038	1959	0	−1	3	7
1954	06	27	HU	BR	4	2	WC	CH	27	2212	2011	0	−1	1	4
1955	09	18	BR	CL	1	1	OHC		-12	1999	1757	−1	+2	4	17
1955	09	20	BR	CL	2	1	OHC		4	2003	1753	0	−2	4	19
1955	11	13	BR	PY	3	0	OCC		8	2011	1798	0	0	3	14
1955	11	17	BR	PY	3	3	OCC		-11	2000	1809	0	0	3	14
1956	01	24	CL	BR	4	1	SA	UY	70	1823	1930	+6	−4	13	7
1956	01	29	BR	PY	0	0	SA	UY	-10	1920	1800	−1	+1	8	14
1956	02	01	BR	PE	2	1	SA	UY	14	1934	1741	+2	−1	6	19
1956	02	05	BR	AR	1	0	SA	UY	38	1972	2100	+2	0	4	2
1956	02	10	UY	BR	0	0	SA		-5	1932	1977	0	0	7	4
1956	03	01	BR	CL	2	1	PAC	MX	17	1994	1839	+1	−1	3	10
1956	03	06	BR	PE	1	0	PAC	MX	11	2005	1771	0	0	3	16
1956	03	08	MX	BR	1	2	PAC		-8	1609	2013	−1	0	40	3
1956	03	13	BR	CR	7	1	PAC	MX	19	2032	1731	0	0	3	20
1956	03	18	AR	BR	2	2	PAC	MX	-2	2053	2034	0	0	2	3
1956	04	08	PT	BR	0	1	F		-4	1670	2038	0	0	28	3
1956	04	11	CH	BR	1	1	F		6	1705	2032	+1	0	24	3
1956	04	15	AT	BR	2	3	F		-10	1907	2042	0	0	8	3
1956	04	21	CS	BR	0	0	F		6	1725	2036	0	0	22	3
1956	04	25	IT	BR	3	0	F		22	1872	2014	0	0	9	3
1956	05	01	TR	BR	0	1	F		-4	1665	2018	0	0	29	3
1956	05	09	EN	BR	4	2	F		13	1980	2005	+1	0	4	3
1956	06	12	PY	BR	0	2	OCC		-13	1743	2018	−1	0	20	3
1956	06	17	PY	BR	2	5	OCC		-14	1729	2032	−1	0	21	3
1956	06	24	BR	UY	2	0	ATL		12	2044	1950	0	−2	3	7
1956	07	01	BR	IT	2	0	F		5	2049	1864	0	0	3	9
1956	07	08	AR	BR	0	0	ATL		-5	2066	2054	0	0	2	3
1956	08	05	BR	CS	0	1	F		-17	2037	1848	0	+1	3	10
1956	08	08	BR	CS	4	1	F		6	2043	1842	0	−1	3	11
1956	12	05	BR	AR	1	2	RCO		-18	2025	2096	0	0	3	2
1957	03	13	BR	CL	4	2	SA	PE	14	2039	1761	0	−1	3	18
1957	03	21	BR	EC	7	1	SA	PE	1	2040	1252	0	0	3	117
1957	03	24	BR	CO	9	0	SA	PE	2	2042	1346	0	−1	3	97
1957	03	28	UY	BR	3	2	SA	PE	35	1937	2007	+1	0	5	3
1957	03	31	PE	BR	0	1	SA		-13	1708	2020	−4	0	23	3
1957	04	03	AR	BR	3	0	SA	PE	31	2159	1989	+1	−1	1	4
1957	04	13	PE	BR	1	1	WQ		8	1754	1981	0	0	18	4
1957	04	21	BR	PE	1	0	WQ		5	1986	1749	0	0	4	18
1957	06	11	BR	PT	2	1	F		2	1988	1693	0	0	4	27
1957	06	16	BR	PT	3	0	F		3	1991	1690	0	0	4	27
1957	07	07	BR	AR	1	2	ROC		-14	1977	2122	0	0	4	1
1957	07	10	BR	AR	2	0	ROC		25	2002	2097	0	−1	4	2
1957	09	15	CL	BR	1	0	OHC		23	1722	1979	+3	0	22	4
1957	09	18	CL	BR	1	1	OHC		6	1728	1973	+1	0	21	4
1958	05	04	BR	PY	5	1	OCC		7	1980	1740	0	0	4	21
1958	05	07	BR	PY	0	0	OCC		-11	1969	1751	0	+2	4	19
1958	05	14	BR	BG	4	0	F		4	1973	1690	0	0	4	30
1958	05	18	BR	BG	3	1	F		3	1976	1687	0	0	4	30
1958	06	08	BR	AT	3	0	WC	SE	42	2018	1864	+2	−3	2	11
1958	06	11	BR	EN	0	0	WC	SE	-1	2017	2006	0	0	2	3
1958	06	15	BR	SU	2	0	WC	SE	35	2052	1907	+1	−3	1	9
1958	06	19	BR	WA	1	0	WC	SE	12	2064	1797	0	+1	1	14
1958	06	24	BR	FR	5	2	WC	SE	33	2097	1893	0	−5	1	10
1958	06	29	SE	BR	2	5	WC		-45	1900	2142	−4	0	9	1
1959	03	10	BR	PE	2	2	SA	AR	-20	2122	1769	0	+4	1	17
1959	03	15	BR	CL	3	0	SA	AR	5	2127	1635	0	0	1	39
1959	03	21	BR	BO	4	2	SA	AR	3	2130	1557	0	−1	1	55
1959	03	26	BR	UY	3	1	SA	AR	16	2146	1888	0	−2	1	9
1959	03	29	BR	PY	4	1	SA	AR	9	2155	1755	0	−3	1	21
1959	04	04	AR	BR	1	1	SA		5	1996	2150	0	0	2	1
1959	05	13	BR	EN	2	0	F		5	2155	1947	0	0	1	4
1959	09	17	BR	CL	7	0	OHC		3	2158	1713	0	−1	1	30
1959	09	20	BR	CL	1	0	OHC		1	2159	1712	0	0	1	30
1959	12	05	BR	PY	3	2	SA	EC	6	2165	1797	0	0	1	15
1959	12	12	UY	BR	3	0	SA	EC	77	1890	2088	+5	0	9	1
1959	12	19	EC	BR	1	3	SA		-1	1256	2089	0	0	115	1
1959	12	22	AR	BR	4	1	SA	EC	65	1974	2024	+4	0	3	1
1959	12	27	EC	BR	1	2	F		-1	1324	2025	0	0	104	1
1960	03	06	BR	MX	2	2	PAC	CR	-15	2010	1790	0	0	1	16
1960	03	10	CR	BR	3	0	PAC		61	1830	1949	+4	−2	14	3
1960	03	13	AR	BR	2	1	PAC	CR	23	2002	1926	+1	−3	1	6
1960	03	15	BR	MX	2	1	PAC	CR	15	1941	1772	+3	−1	3	18
1960	03	17	CR	BR	0	4	PAC		-40	1751	1981	−8	0	24	3
1960	03	20	BR	AR	1	0	PAC	CR	30	2011	2015	+1	0	2	1
1960	04	29	RR	BR	0	5	F		-12	1753	2023	−2	+1	22	1
1960	05	01	RR	BR	1	3	F		-8	1745	2031	−2	0	24	1
1960	05	06	RR	BR	0	3	F		-9	1736	2040	0	0	24	1
1960	05	26	AR	BR	4	2	ROC		18	2033	2022	+1	−1	1	2
1960	05	29	AR	BR	1	4	ROC		-34	1999	2056	−1	+1	2	1
1960	06	29	BR	CL	4	0	F		3	2059	1698	0	−1	1	31
1960	07	03	PY	BR	1	2	ATL		-6	1714	2065	0	0	28	1
1960	07	09	UY	BR	1	0	ATL		16	1953	2049	0	0	5	1
1960	07	12	BR	AR	5	1	ATL		17	2066	1985	0	−2	1	4
1961	04	30	PY	BR	0	2	OCC		-7	1667	2073	−2	0	34	1
1961	05	03	PY	BR	2	3	OCC		-4	1663	2077	0	0	34	1
1961	05	07	CL	BR	1	2	OHC		-6	1728	2083	+1	0	22	1
1961	05	11	CL	BR	0	1	OHC		-6	1722	2089	−1	0	23	1
1961	06	29	BR	PY	3	2	F		1	2090	1668	0	0	1	36
1962	04	21	BR	PY	6	0	OCC		3	2093	1657	0	0	1	39
1962	04	24	BR	PY	4	0	OCC		2	2095	1655	0	0	1	39
1962	05	06	BR	PT	2	1	F		1	2096	1651	0	0	1	40
1962	05	09	BR	PT	1	0	F		1	2097	1650	0	0	1	40
1962	05	12	BR	WA	3	1	F		3	2100	1807	0	0	1	15
1962	05	16	BR	WA	3	1	F		3	2103	1804	0	0	1	15
1962	05	30	BR	MX	2	0	WC	CL	14	2117	1795	0	−1	1	16
1962	06	02	BR	CS	0	0	WC	CL	-9	2108	2015	0	0	1	3
1962	06	06	BR	ES	2	1	WC	CL	17	2125	1936	0	−3	1	9
1962	06	10	BR	EN	3	1	WC	CL	23	2148	1912	0	0	1	9
1962	06	13	CL	BR	2	4	WC		-19	1797	2167	0	0	16	1
1962	06	17	BR	CS	3	1	WC	CL	28	2195	1999	0	−1	1	3
1963	03	03	PY	BR	2	2	F		9	1661	2186	+2	0	36	1
1963	03	10	BR	PE	1	0	SA	BO	3	2189	1681	0	−1	1	30
1963	03	14	BR	CO	5	1	SA	BO	1	2190	1453	0	0	1	79
1963	03	17	PY	BR	2	0	SA	BO	71	1742	2119	+10	0	23	1
1963	03	24	AR	BR	3	0	SA	BO	66	1989	2053	+4	0	3	1
1963	03	27	BR	EC	2	2	SA	BO	-24	2029	1347	0	+2	1	103
1963	03	31	BO	BR	5	4	SA		41	1707	1988	+8	−1	26	2
1963	04	13	BR	AR	2	3	ROC		-21	1967	1956	−1	+3	3	4
1963	04	16	BR	AR	5	2	ROC		18	1985	1938	0	−3	3	7
1963	04	21	PT	BR	1	0	F		16	1658	1969	+1	0	36	3
1963	04	24	BE	BR	5	1	F		28	1698	1941	+4	−1	29	4
1963	04	28	FR	BR	2	3	F		-9	1795	1950	0	+1	18	3
1963	05	02	NL	BR	1	0	F		14	1699	1936	+4	−3	29	6
1963	05	05	WG	BR	1	2	F		-13	1928	1949	−3	+3	7	3
1963	05	08	EN	BR	1	1	F		0	1864	1949	+1	0	13	3
1963	05	12	IT	BR	3	0	F		14	1931	1935	+2	−3	7	6
1963	05	17	EG	BR	0	1	F		-6	1687	1941	0	+1	33	5
1963	05	19	IL	BR	0	5	F		-7	1565	1948	−2	+2	56	3
1964	05	30	BR	EN	5	1	CON		21	1969	1932	+2	−3	3	6
1964	06	03	BR	AR	0	3	CON		-35	1934	1977	−2	+2	5	3
1964	06	07	BR	PT	4	1	CON		6	1940	1673	0	−1	5	34
1965	06	02	BR	BE	5	0	F		6	1946	1738	+1	−1	4	25
1965	06	06	BR	WG	2	0	F		9	1955	1881	+1	0	3	10
1965	06	09	BR	AR	0	0	F		-2	1953	1970	−1	0	4	2
1965	06	17	DZ	BR	0	3	F		-13	1743	1966	−1	0	24	4
1965	06	24	PT	BR	0	0	F		2	1795	1964	+1	0	19	4
1965	06	30	SE	BR	1	2	F		-9	1827	1973	−1	+1	15	3
1965	07	04	SU	BR	0	3	F		-23	1966	1996	−3	+2	4	1
1965	09	07	BR	UY	3	0	F		8	2004	1864	+1	−1	1	12
1965	11	21	BR	SU	2	2	F		-4	2000	1966	0	0	1	4
1965	11	21	BR	HU	5	3	F		11	2011	1983	0	0	1	3
1966	04	17	CL	BR	0	1	OHC		-9	1755	2020	−1	0	25	1
1966	04	20	CL	BR	2	1	OHC		22	1777	1998	+3	0	22	1
1966	05	14	BR	WA	3	1	F		3	2001	1706	0	0	1	29
1966	05	15	BR	CL	1	1	F		-7	1994	1777	−2	+1	3	20
1966	05	18	BR	WA	1	0	F		2	1996	1704	+1	0	2	29
1966	05	19	BR	CL	1	0	F		3	1999	1774	0	0	2	21
1966	06	04	BR	PE	4	0	F		2	2001	1619	0	0	2	42
1966	06	05	BR	PL	4	1	F		3	2004	1698	+1	0	1	30
1966	06	08	BR	PL	2	1	F		2	2006	1696	0	0	1	30
1966	06	08	BR	PE	3	1	F		2	2008	1617	0	−1	1	43
1966	06	12	BR	CS	2	1	F		5	2013	1894	0	−1	1	10
1966	06	15	BR	CS	2	2	F		-6	2007	1900	0	+1	1	9
1966	06	25	SQ	BR	1	1	F		3	1801	2004	0	0	17	1
1966	06	30	SE	BR	2	3	F		-6	1746	2010	−2	0	27	1
1966	07	12	BR	BG	2	0	WC	EN	21	2031	1783	0	−2	1	18
1966	07	15	HU	BR	3	1	WC	EN	62	1956	1969	+1	−5	7	6
1966	07	19	PT	BR	3	1	WC	EN	50	1979	1919	+3	−2	5	8
1967	06	25	UY	BR	0	0	RBC		-3	1892	1922	0	0	10	9
1967	06	28	UY	BR	2	2	RBC		-3	1889	1925	0	0	10	9
1967	07	01	UY	BR	1	1	RBC		-3	1886	1928	0	0	10	9
1967	09	19	CL	BR	0	1	F		-8	1759	1936	−2	+1	22	8
1968	06	09	BR	UY	2	0	RBC		13	1949	1868	+2	0	6	11
1968	06	12	BR	UY	4	0	RBC		15	1964	1853	+2	−3	5	14
1968	06	16	WG	BR	2	1	F		6	2014	1958	0	−1	2	6
1968	06	20	PL	BR	3	6	F		-11	1707	1969	0	+2	29	4
1968	06	23	CS	BR	3	2	F		9	1900	1960	0	−2	9	6
1968	06	25	YU	BR	0	2	F		-15	1854	1975	−3	+2	13	4
1968	06	30	BR	PT	2	0	F	MZ	14	1989	1938	+1	0	3	7
1968	07	07	MX	BR	0	2	F		-13	1818	2002	0	0	16	3
1968	07	10	MX	BR	2	1	F		12	1830	1990	0	0	16	3
1968	07	14	PE	BR	3	4	JCS		-5	1603	1995	−2	0	49	3
1968	07	17	PE	BR	0	4	JCS		-9	1594	2004	−1	0	50	3
1968	07	25	PY	BR	0	4	OCC		-16	1725	2020	−5	+1	28	2
1968	07	28	PY	BR	1	0	OCC		23	1748	1997	+6	−1	22	3
1968	08	07	BR	AR	4	1	F		10	2007	1917	0	0	3	8
1968	08	11	BR	AR	3	2	F		5	2012	1912	0	0	3	8
1968	10	31	BR	MX	1	2	F		-16	1996	1864	0	+2	3	12
1968	11	03	BR	MX	2	1	F		4	2000	1860	0	0	3	12
1968	12	14	BR	WG	2	2	F		-2	1998	2027	0	0	3	2
1968	12	17	BR	YU	3	3	F		-7	1991	1825	0	0	3	16
1968	12	19	BR	YU	3	2	F		4	1995	1821	0	0	3	16
1969	04	07	BR	PE	2	1	F		1	1996	1600	0	0	3	47
1969	04	09	BR	PE	3	2	F		1	1997	1599	0	0	3	47
1969	06	12	BR	EN	2	1	F		10	2007	2082	+1	0	3	1
1969	08	06	CO	BR	0	2	WQ		-4	1438	2011	−2	0	84	2
1969	08	10	VE	BR	0	5	WQ		-3	1362	2014	−1	0	102	2
1969	08	17	PY	BR	0	3	WQ		-20	1729	2034	−1	0	25	2
1969	08	21	BR	CO	6	2	WQ		1	2035	1427	0	0	2	85
1969	08	24	BR	VE	6	0	WQ		1	2036	1358	0	0	2	104
1969	08	31	BR	PY	1	0	WQ		4	2040	1732	0	0	2	25
1970	03	04	BR	AR	0	2	F		-26	2014	1841	0	+5	2	10
1970	03	08	BR	AR	2	1	F		3	2017	1838	0	0	2	10
1970	03	22	BR	CL	5	0	F		5	2022	1763	0	−1	2	23
1970	03	26	BR	CL	2	1	F		2	2024	1761	0	0	2	23
1970	04	12	BR	PY	0	0	F		-8	2016	1740	0	+3	2	25
1970	04	26	BR	BG	0	0	F		-7	2009	1824	0	0	2	15
1970	04	29	BR	AT	1	0	F		2	2011	1726	0	0	2	27
1970	06	03	BR	CS	4	1	WC	MX	45	2056	1918	0	−2	2	7
1970	06	07	BR	EN	1	0	WC	MX	32	2088	2048	+1	−1	1	2
1970	06	10	BR	RO	3	2	WC	MX	10	2098	1806	0	−1	1	15
1970	06	14	BR	PE	4	2	WC	MX	11	2109	1747	0	−2	1	24
1970	06	17	BR	UY	3	1	WC	MX	21	2130	1881	0	−1	1	8
1970	06	21	BR	IT	4	1	WC	MX	42	2172	2016	0	−1	1	4
1970	09	30	BR	MX	2	1	EGM		1	2173	1721	0	−1	1	30
1970	10	04	CL	BR	1	5	F		-5	1756	2178	0	0	22	1
1971	07	11	BR	AT	1	1	F		-9	2169	1743	0	+1	1	24
1971	07	14	BR	CS	1	0	F		2	2171	1868	0	0	1	10
1971	07	18	BR	YU	2	2	F		-8	2163	1891	0	0	1	7
1971	07	21	BR	HU	0	0	F		-8	2155	1889	0	0	1	8
1971	07	24	BR	PY	1	0	F		1	2156	1725	0	0	1	28
1971	07	28	AR	BR	1	1	ROC		8	1859	2148	0	0	12	1
1971	07	31	AR	BR	2	2	ROC		7	1866	2141	+1	0	11	1
1972	04	26	BR	PY	3	2	F		1	2142	1750	0	0	1	26
1972	06	28	BR	CS	0	0	BRI		-16	2126	1897	0	+2	2	6
1972	07	02	BR	YU	3	0	BRI		8	2134	1857	0	−1	2	12
1972	07	05	BR	SQ	1	0	BRI		3	2137	1787	0	−1	2	21
1972	07	09	BR	PT	1	0	BRI		5	2142	1910	0	0	2	6
1973	05	27	BR	BO	5	0	F		1	2143	1551	0	+1	1	58
1973	06	03	DZ	BR	0	2	F		-2	1537	2145	0	0	60	1
1973	06	06	TN	BR	1	4	F		-3	1609	2148	0	0	45	1
1973	06	09	IT	BR	2	0	F		19	1967	2129	+1	0	4	1
1973	06	13	AT	BR	1	1	F		5	1830	2124	+1	0	16	1
1973	06	16	WG	BR	0	1	F		-13	2105	2137	0	0	2	1
1973	06	21	SU	BR	0	1	F		-7	1920	2144	0	0	7	1
1973	06	25	SE	BR	1	0	F		15	1876	2129	+2	0	11	1
1973	06	30	SQ	BR	0	1	F		-4	1797	2133	0	0	21	1
1973	07	03	IE	BR	3	4	F		-1	1592	2134	0	0	51	1
1974	03	31	BR	MX	1	1	F		-9	2125	1735	0	0	1	28
1974	04	07	BR	CS	1	0	F		2	2127	1828	0	−1	1	16
1974	04	14	BR	BG	1	0	F		2	2129	1811	0	0	1	17
1974	04	17	BR	RO	2	0	F		2	2131	1793	0	0	1	20
1974	04	21	BR	HT	4	0	F		1	2132	1617	0	0	1	42
1974	04	28	BR	GR	0	0	F		-10	2122	1591	0	+1	1	50
1974	05	01	BR	AT	0	0	F		-8	2114	1813	0	+1	1	17
1974	05	05	BR	IE	2	1	F		1	2115	1608	0	0	1	44
1974	05	12	BR	PY	2	0	F		2	2117	1774	0	0	1	25
1974	06	13	BR	YU	0	0	WC	WG	-14	2103	1949	−1	+1	2	6
1974	06	18	BR	SQ	0	0	WC	WG	-18	2085	1883	0	+4	2	12
1974	06	22	BR	ZR	3	0	WC	WG	11	2096	1695	+1	−2	1	31
1974	06	26	BR	DD	1	0	WC	WG	21	2117	1971	0	−1	1	5
1974	06	30	BR	AR	2	1	WC	WG	10	2127	1835	0	0	1	17
1974	07	03	NL	BR	2	0	WC	WG	59	2077	2068	+2	−2	2	3
1974	07	06	PL	BR	1	0	WC	WG	32	2082	2036	+2	−1	2	4
1975	07	30	VE	BR	0	4	CA		-3	1366	2039	−2	0	103	4
1975	08	06	BR	AR	2	1	CA		9	2048	1877	0	0	4	12
1975	08	13	BR	VE	6	0	CA		1	2049	1353	0	0	4	104
1975	08	16	AR	BR	0	1	CA		-20	1861	2069	−1	+2	13	2
1975	09	30	BR	PE	1	3	CA		-70	1999	1795	−2	+7	5	20
1975	10	04	PE	BR	0	2	CA		-27	1768	2026	−3	+1	23	4
1976	02	25	UY	BR	1	2	ARB		-7	1697	2033	0	0	30	4
1976	02	27	AR	BR	1	2	ATR		-13	1871	2046	0	+2	13	2
1976	04	07	PY	BR	1	1	ATC		10	1679	2036	+1	−1	34	3
1976	04	28	BR	UY	2	1	ARB		2	2038	1681	0	−1	3	34
1976	05	19	BR	AR	2	0	ATR		8	2046	1875	0	0	3	12
1976	05	23	BR	EN	1	0	BIC	US	12	2058	1975	0	0	3	4
1976	05	31	BR	IT	4	1	BIC	US	18	2076	1929	+1	−3	2	8
1976	06	04	MX	BR	0	3	F		-8	1758	2084	−2	0	26	2
1976	06	09	BR	PY	3	1	ATC		3	2087	1697	0	0	2	31
1976	12	01	BR	SU	2	0	F		4	2091	1873	0	−1	2	13
1977	01	23	BR	BG	1	0	F		2	2093	1760	0	0	2	22
1977	02	20	CO	BR	0	0	WQ		17	1589	2076	+2	0	49	2
1977	03	09	BR	CO	6	0	WQ		3	2079	1577	0	0	2	51
1977	03	13	PY	BR	0	1	WQ		-6	1679	2085	−2	0	35	2
1977	03	20	BR	PY	1	1	WQ		-18	2067	1697	0	+1	2	33
1977	06	08	BR	EN	0	0	F		-6	2061	1909	0	+1	3	10
1977	06	12	BR	WG	1	1	F		-1	2060	2141	0	0	3	1
1977	06	19	BR	PL	3	1	F		7	2067	1935	0	0	3	7
1977	06	23	BR	SQ	2	0	F		8	2075	1973	+1	−1	2	5
1977	06	26	BR	YU	0	0	F		-8	2067	1807	−1	0	3	20
1977	06	30	BR	FR	2	2	F		-7	2060	1838	0	+1	3	16
1977	07	10	BR	PE	1	0	WQ	CO	6	2066	1750	0	−1	3	24
1977	07	14	BR	BO	8	0	WQ	CO	5	2071	1554	+1	−1	2	56
1978	04	01	FR	BR	1	0	F		13	1882	2058	0	0	14	3
1978	04	05	WG	BR	0	1	F		-15	2122	2073	0	0	1	3
1978	04	19	EN	BR	1	1	F		1	1928	2072	0	0	9	3
1978	05	01	BR	PE	3	0	F		3	2075	1754	0	0	3	25
1978	05	17	BR	CS	2	0	F		5	2080	1876	0	0	3	14
1978	06	03	BR	SE	1	1	WC	AR	-20	2060	1812	0	+2	3	20
1978	06	07	BR	ES	0	0	WC	AR	-11	2049	1933	0	0	3	9
1978	06	11	BR	AT	1	0	WC	AR	19	2068	1902	+1	−2	2	12
1978	06	14	BR	PE	3	0	WC	AR	27	2095	1859	+1	−1	1	15
1978	06	18	AR	BR	0	0	WC		2	1968	2093	0	0	6	1
1978	06	21	BR	PL	3	1	WC	AR	28	2121	1931	0	−2	1	9
1978	06	24	BR	IT	2	1	WC	AR	22	2143	2004	0	−1	1	4
1979	05	17	BR	PY	6	0	F		2	2145	1722	0	0	1	28
1979	05	31	BR	UY	5	1	F		1	2146	1678	0	0	1	35
1979	07	26	BO	BR	2	1	CA		46	1643	2100	+10	0	40	1
1979	08	02	BR	AR	2	1	CA		12	2112	1991	0	0	1	5
1979	08	16	BR	BO	2	0	CA		2	2114	1622	0	0	1	43
1979	08	23	AR	BR	2	2	CA		1	1998	2113	0	0	5	1
1979	10	24	PY	BR	2	1	CA		42	1779	2071	+4	0	22	1
1979	10	31	BR	PY	2	2	CA		-20	2051	1799	−1	+2	2	20
1980	06	08	BR	MX	2	0	F		2	2053	1716	0	0	2	29
1980	06	15	BR	SU	1	2	F		-16	2037	1930	0	+4	2	8
1980	06	24	BR	CL	2	1	F		1	2038	1691	0	0	2	33
1980	06	29	BR	PL	1	1	F		-6	2032	1926	0	+1	2	10
1980	08	27	BR	UY	1	0	F		1	2033	1641	0	0	2	43
1980	09	25	PY	BR	1	2	F		-6	1790	2039	−1	0	23	2
1980	10	30	BR	PY	6	0	F		5	2044	1785	0	−1	2	22
1980	12	21	BR	CH	2	0	F		1	2045	1576	0	−3	2	53
1981	01	04	AR	BR	1	1	MND	UY	1	2028	2044	0	0	3	2
1981	01	07	BR	WG	4	1	MND	UY	40	2084	2056	+1	−1	1	2
1981	01	10	UY	BR	2	1	MND		31	1808	2053	+4	−1	19	2
1981	02	01	CO	BR	1	1	F		8	1586	2045	+4	0	47	2
1981	02	08	VE	BR	0	1	WQ		-1	1342	2046	−1	0	103	2
1981	02	14	EC	BR	0	6	F		-2	1460	2048	0	0	77	2
1981	02	22	BO	BR	1	2	WQ		-4	1573	2052	−3	0	54	2
1981	03	14	BR	CL	2	1	F		1	2053	1709	0	0	2	30
1981	03	22	BR	BO	3	1	WQ		2	2055	1543	0	−2	2	60
1981	03	29	BR	VE	5	0	WQ		1	2056	1360	+1	0	1	100
1981	05	12	EN	BR	0	1	F		-10	1960	2066	−1	0	5	2
1981	05	15	FR	BR	1	3	F		-13	1909	2079	−1	+1	12	1
1981	05	19	WG	BR	1	2	F		-13	2060	2092	0	0	2	1
1981	07	08	BR	ES	1	0	F		2	2094	1845	0	0	1	17
1981	08	26	CL	BR	0	0	F		5	1785	2089	0	0	22	1
1981	10	28	BR	BG	3	0	F		2	2091	1741	0	+1	2	27
1982	01	26	BR	DD	3	1	F		5	2096	1907	0	−1	2	10
1982	03	03	BR	CS	1	1	F		-7	2089	1898	0	+1	2	13
1982	03	21	BR	WG	1	0	F		8	2097	2105	0	0	2	1
1982	05	05	BR	PT	3	1	F		2	2099	1743	0	0	2	28
1982	05	19	BR	CH	1	1	F		-9	2090	1680	0	+1	2	35
1982	05	27	BR	IE	7	0	F		3	2093	1751	0	0	2	26
1982	06	14	BR	SU	2	1	WC	ES	23	2116	1990	+1	0	1	3
1982	06	18	BR	SQ	4	1	WC	ES	20	2136	1841	0	−2	1	17
1982	06	23	BR	NZ	4	0	WC	ES	4	2140	1561	0	0	1	56
1982	07	02	BR	AR	3	1	WC	ES	24	2164	1942	0	0	1	6
1982	07	05	IT	BR	3	2	WC	ES	49	1960	2115	+2	0	6	1
1983	04	28	BR	CL	3	2	F		1	2116	1701	0	0	1	33
1983	06	08	PT	BR	0	4	F		-7	1767	2123	−1	0	22	1
1983	06	12	WA	BR	1	1	F		5	1849	2118	0	0	16	1
1983	06	17	CH	BR	1	2	F		-4	1753	2122	−1	0	25	1
1983	06	22	SE	BR	3	3	F		7	1758	2115	+2	0	24	1
1983	07	28	CL	BR	0	0	F		7	1730	2108	+3	0	27	1
1983	08	17	EC	BR	0	1	CA		-3	1502	2111	0	0	69	1
1983	08	24	AR	BR	1	0	CA		33	1923	2078	+1	0	9	1
1983	09	01	BR	EC	5	0	CA		2	2080	1500	0	0	1	69
1983	09	14	BR	AR	0	0	CA		-17	2063	1917	0	+1	1	9
1983	10	13	PY	BR	1	1	CA		14	1761	2049	+2	−1	25	2
1983	10	20	BR	PY	0	0	CA		-20	2029	1781	0	+3	2	22
1983	10	27	UY	BR	2	0	CA		51	1844	1978	+3	−1	18	4
1983	11	04	BR	UY	1	1	CA		-15	1963	1859	0	+4	4	14
1984	06	10	BR	EN	0	2	F		-20	1943	1972	−2	+2	5	3
1984	06	17	BR	AR	0	0	F		-4	1939	1888	0	0	5	10
1984	06	21	BR	UY	1	0	F		6	1945	1876	0	0	5	12
1985	04	25	BR	CO	2	1	F		2	1947	1636	0	−1	5	43
1985	04	28	BR	PE	0	1	F		-18	1929	1707	0	+1	5	32
1985	05	02	BR	UY	2	0	F		9	1938	1880	0	−1	5	9
1985	05	05	BR	AR	2	1	F		6	1944	1890	0	−1	5	7
1985	05	15	CO	BR	1	0	F		15	1665	1929	+4	0	38	5
1985	05	21	CL	BR	2	1	F		11	1797	1918	+4	0	22	5
1985	06	02	BO	BR	0	2	WQ		-8	1496	1926	−1	0	69	5
1985	06	08	BR	CL	3	1	F		6	1932	1791	0	−2	5	24
1985	06	16	PY	BR	0	2	WQ		-22	1710	1954	0	+1	31	4
1985	06	23	BR	PY	1	1	WQ		-15	1939	1725	−1	0	5	31
1985	06	30	BR	BO	1	1	WQ		-18	1921	1505	0	+5	5	70
1986	03	12	WG	BR	2	0	F		11	1930	1910	+1	−1	5	6
1986	03	16	HU	BR	3	0	F		14	1891	1896	+2	−1	9	7
1986	04	01	BR	PE	4	0	F		4	1900	1644	0	−1	7	38
1986	04	08	BR	DD	3	0	F		12	1912	1868	+1	−4	6	14
1986	04	17	BR	FI	3	0	F		2	1914	1548	+1	0	5	62
1986	04	30	BR	YU	4	2	F		7	1921	1809	0	−1	5	22
1986	05	07	BR	CL	1	1	F		-6	1915	1797	0	0	5	27
1986	06	01	BR	ES	1	0	WC	MX	29	1944	1873	+2	−6	3	12
1986	06	06	BR	DZ	1	0	WC	MX	9	1953	1627	+1	−2	3	42
1986	06	12	BR	EI	3	0	WC	MX	32	1985	1776	+3	−6	3	26
1986	06	16	BR	PL	4	0	WC	MX	28	2013	1761	+1	−2	2	26
1986	06	21	BR	FR	1	1	WC	MX	4	2017	2057	0	0	2	1
1987	05	19	EN	BR	1	1	RSC		-4	1996	2021	0	0	3	2
1987	05	23	IE	BR	1	0	F		15	1762	2006	+2	0	25	2
1987	05	26	SQ	BR	0	2	RSC		-14	1754	2020	−3	0	27	2
1987	05	28	FI	BR	2	3	F		-2	1542	2022	0	0	62	2
1987	06	01	IL	BR	0	4	F		-5	1593	2027	0	0	49	2
1987	06	21	BR	EC	4	1	F		1	2028	1524	0	0	1	67
1987	06	24	BR	PY	1	0	F		3	2031	1821	0	0	1	17
1987	06	28	BR	VE	5	0	CA	AR	2	2033	1373	0	−1	1	95
1987	07	03	CL	BR	4	0	CA	AR	74	1876	1959	+7	−3	13	4
1987	12	09	BR	CL	2	1	F		5	1964	1856	+1	−1	4	15
1987	12	12	BR	WG	1	1	F		-3	1961	1977	−1	0	5	3
1988	07	07	AU	BR	0	1	AGC		-8	1675	1969	−1	+1	37	4
1988	07	10	AR	BR	0	0	AGC	AU	4	1872	1965	0	0	11	4
1988	07	13	BR	SA	4	1	AGC	AU	3	1968	1487	0	−7	4	79
1988	07	17	AU	BR	0	2	AGC		-13	1704	1981	−2	+1	35	3
1988	07	28	NO	BR	1	1	F		5	1687	1976	0	0	36	3
1988	07	31	SE	BR	1	1	F		-3	1968	1979	0	0	4	3
1988	08	03	AT	BR	0	2	F		-10	1741	1989	−3	0	31	3
1988	10	12	BE	BR	1	2	F		-7	1782	1996	0	0	26	2
1989	03	15	BR	EC	1	0	F		1	1997	1583	0	−2	3	50
1989	04	12	BR	PY	2	0	F		5	2002	1802	0	−3	2	22
1989	05	10	BR	PE	4	1	F		2	2004	1633	−1	0	3	43
1989	05	24	PE	BR	1	1	F		6	1648	1998	+1	−1	39	4
1989	06	08	BR	PT	4	0	F		5	2003	1782	0	0	2	23
1989	06	16	SE	BR	2	1	FT	DK	18	1958	1985	0	−2	6	4
1989	06	18	DK	BR	4	0	FT		28	1920	1957	+3	−2	8	6
1989	06	21	CH	BR	1	0	F		14	1704	1943	+1	0	31	6
1989	07	01	BR	VE	3	1	CA		2	1945	1392	0	0	6	97
1989	07	03	BR	PE	0	0	CA		-22	1923	1600	−1	+4	7	49
1989	07	07	BR	CO	0	0	CA		-13	1910	1840	−1	0	8	19
1989	07	09	BR	PY	2	0	CA		21	1931	1827	+1	−2	7	18
1989	07	12	BR	AR	2	0	CA		19	1950	1830	+1	−2	6	17
1989	07	14	BR	PY	3	0	CA		16	1966	1768	+1	−2	5	24
1989	07	16	BR	UY	1	0	CA		14	1980	1891	+1	−2	4	12
1989	07	23	BR	JP	1	0	F		0	1980	1408	0	0	4	92
1989	07	30	VE	BR	0	4	WQ		-4	1391	1984	−1	0	96	4
1989	08	13	CL	BR	1	1	WQ		6	1778	1978	+1	0	23	4
1989	08	20	BR	VE	6	0	WQ		2	1980	1379	0	0	4	97
1989	09	03	BR	CL	1	0	WQ		6	1986	1779	+1	−1	3	24
1989	10	14	IT	BR	0	1	F		-13	1967	1999	0	+1	4	2
1989	11	14	BR	YU	0	0	F		-5	1994	1929	−1	0	3	9
1989	12	20	NL	BR	0	1	F		-14	2048	2008	0	+1	1	2
1990	03	28	EN	BR	1	0	F		9	1953	1999	+1	0	6	2
1990	05	05	BR	BG	2	1	F		2	2001	1719	0	0	2	31
1990	05	13	BR	DD	3	3	F		-8	1993	1763	0	+2	2	24
1990	06	10	BR	SE	2	1	WC	IT	26	2019	1925	0	−3	3	8
1990	06	16	BR	CR	1	0	WC	IT	6	2025	1646	0	−2	2	42
1990	06	20	BR	SQ	1	0	WC	IT	10	2035	1735	0	−2	1	29
1990	06	24	AR	BR	1	0	WC	IT	47	1867	1988	+2	−2	16	3
1990	09	12	ES	BR	3	0	F		15	1951	1973	0	−1	6	4
1990	10	17	CL	BR	0	0	TXR		4	1783	1969	−2	0	21	4
1990	11	08	BR	CL	0	0	TXR		-10	1959	1793	0	0	4	21
1990	12	12	BR	MX	0	0	F	US	-2	1957	1886	0	+1	5	11
1991	02	27	BR	PY	1	1	F		-7	1950	1750	0	+4	5	27
1991	03	27	AR	BR	3	3	F		-1	1877	1951	0	0	14	5
1991	05	28	BR	BG	3	0	F		5	1956	1729	+2	0	4	31
1991	06	27	BR	AR	1	1	F		-4	1952	1896	0	0	4	10
1991	07	09	BR	BO	2	1	CA	CL	5	1957	1578	0	−1	4	55
1991	07	11	BR	UY	1	1	CA	CL	-10	1947	1821	−2	0	6	18
1991	07	13	CO	BR	2	0	CA	CL	55	1828	1892	+8	−3	17	10
1991	07	15	BR	EC	3	1	CA	CL	17	1909	1665	0	−2	10	38
1991	07	17	AR	BR	3	2	CA	CL	22	1978	1887	0	−2	4	12
1991	07	19	BR	CO	2	0	CA	CL	29	1916	1780	+2	−4	10	24
1991	07	21	CL	BR	0	2	CA		-36	1770	1952	−4	+5	24	5
1991	09	11	WA	BR	1	0	F		12	1805	1940	+2	0	19	6
1991	10	30	BR	YU	3	1	F		11	1951	1929	+1	−1	6	8
1991	12	18	BR	CS	2	1	F		6	1957	1878	0	−1	7	13
1992	02	26	BR	US	3	0	F		4	1961	1677	0	0	6	35
1992	04	15	BR	FI	3	1	F		2	1963	1617	0	0	6	48
1992	04	30	UY	BR	1	0	F		11	1854	1952	0	−1	14	7
1992	05	17	EN	BR	1	1	F		-4	2002	1956	0	+1	2	6
1992	07	31	BR	MX	5	0	FRC	US	20	1976	1814	+1	−3	5	20
1992	08	02	US	BR	0	1	FRC		-7	1666	1983	−1	+1	39	4
1992	08	26	FR	BR	0	2	F		-17	1922	2000	−1	+2	9	2
1992	09	23	BR	CR	4	2	F		1	2001	1583	0	0	2	62
1992	11	25	BR	UY	1	2	F		-16	1985	1883	−1	+2	3	13
1992	12	16	BR	DE	3	1	F		11	1996	1976	+1	−2	2	4
1993	02	18	AR	BR	1	1	ACT		-5	2024	2001	0	0	1	2
1993	03	17	BR	PL	2	2	F		-7	1994	1805	0	+1	3	19
1993	06	06	US	BR	0	2	USC		-8	1629	2002	−1	+1	44	2
1993	06	10	BR	DE	3	3	USC	US	0	2002	2002	0	0	2	2
1993	06	13	BR	EN	1	1	USC	US	-5	1997	1883	−1	+1	3	10
1993	06	18	BR	PE	0	0	CA	EC	-21	1976	1571	−1	+4	4	63
1993	06	21	CL	BR	3	2	CA	EC	39	1792	1937	+2	−3	25	7
1993	06	24	BR	PY	3	0	CA	EC	19	1956	1700	+2	−2	5	32
1993	06	27	AR	BR	1	1	CA	EC	-2	1987	1958	0	0	2	5
1993	07	14	BR	PY	2	0	F		3	1961	1667	0	−1	5	34
1993	07	18	EC	BR	0	0	WQ		9	1694	1952	+1	0	31	5
1993	07	25	BO	BR	2	0	WQ		47	1676	1905	+12	−4	32	9
1993	08	01	VE	BR	1	5	WQ		-5	1338	1910	−2	+1	117	8
1993	08	08	BR	MX	1	1	F		-3	1907	1890	−1	0	9	10
1993	08	15	UY	BR	1	1	WQ		1	1783	1906	0	0	24	8
1993	08	22	BR	EC	2	0	WQ		9	1915	1687	0	0	8	32
1993	08	29	BR	BO	6	0	WQ		14	1929	1715	0	0	8	30
1993	09	05	BR	VE	4	0	WQ		1	1930	1324	0	0	8	119
1993	09	19	BR	UY	2	0	WQ		14	1944	1802	+3	0	5	22
1993	11	17	DE	BR	2	1	F		5	2022	1939	0	+1	1	4
1993	12	16	MX	BR	0	1	F		-12	1891	1951	0	0	10	4
1994	03	23	BR	AR	2	0	F		10	1961	1918	0	−1	4	8
1994	05	04	BR	IS	3	0	F		2	1963	1578	0	0	4	61
1994	06	05	CA	BR	1	1	F		6	1604	1957	0	0	58	4
1994	06	08	BR	HN	8	2	F	US	4	1961	1537	0	−1	4	68
1994	06	12	BR	SV	4	0	F	US	3	1964	1512	0	0	4	75
1994	06	20	BR	RU	2	0	WC	US	33	1997	1834	0	−5	3	21
1994	06	24	BR	CM	3	0	WC	US	16	2013	1685	+2	−2	1	33
1994	06	28	BR	SE	1	1	WC	US	-7	2006	1933	0	+2	2	6
1994	07	04	US	BR	0	1	WC		-11	1635	2017	−4	0	47	2
1994	07	09	BR	NL	3	2	WC	US	28	2045	1968	+1	−1	1	4
1994	07	13	BR	SE	1	0	WC	US	22	2067	1925	0	−3	1	8
1994	07	17	BR	IT	0	0	WC	US	-4	2063	2030	0	0	1	2
1994	12	23	BR	YU	2	0	F		6	2069	1926	0	0	1	7
1995	02	22	BR	SK	5	0	F		2	2071	1667	0	0	1	33
1995	03	29	BR	HN	1	1	F		-10	2061	1540	0	+3	1	68
1995	05	17	IL	BR	1	2	F		-2	1614	2063	−1	0	51	1
1995	06	04	BR	SE	1	0	UMB	EN	7	2070	1856	0	−2	1	21
1995	06	06	BR	JP	3	0	UMB	EN	3	2073	1606	0	0	1	53
1995	06	11	EN	BR	1	3	UMB		-17	1862	2090	−3	0	17	1
1995	06	29	BR	PL	2	1	F		1	2091	1748	0	0	1	28
1995	07	07	BR	EC	1	0	CA	UY	4	2095	1656	0	−1	1	37
1995	07	10	BR	PE	2	0	CA	UY	4	2099	1606	0	−4	1	55
1995	07	13	BR	CO	3	0	CA	UY	21	2120	1880	0	−2	1	12
1995	07	17	AR	BR	2	2	CA	UY	17	1860	2103	+3	0	16	1
1995	07	20	BR	US	1	0	CA	UY	6	2109	1746	0	−1	1	30
1995	07	23	UY	BR	1	1	CA		10	1864	2099	+4	0	15	1
1995	08	09	JP	BR	1	5	F		-4	1624	2103	−2	0	47	1
1995	08	12	KR	BR	0	1	F		-2	1621	2105	0	0	48	1
1995	09	27	BR	RO	2	2	F		-7	2098	1907	0	0	1	8
1995	10	11	BR	UY	2	0	F		3	2101	1840	0	0	1	20
1995	11	08	AR	BR	0	1	CFA		-9	1845	2110	−2	0	18	1
1995	12	20	BR	CO	3	1	F		4	2114	1856	0	0	1	15
1996	01	12	BR	CA	4	1	CCH	US	5	2119	1620	0	−1	1	48
1996	01	14	BR	HN	5	0	CCH	US	4	2123	1551	0	0	1	65
1996	01	18	US	BR	0	1	CCH		-8	1727	2131	0	0	29	1
1996	01	21	MX	BR	2	0	CCH	US	65	1869	2066	+10	0	13	1
1996	03	27	BR	GH	8	2	F		2	2068	1665	0	0	1	40
1996	04	24	ZA	BR	2	3	NMC		-6	1727	2074	0	0	29	1
1996	05	22	BR	HR	1	1	F		-7	2067	1907	0	+1	1	10
1996	06	26	BR	PL	3	1	F		2	2069	1661	0	0	2	39
1996	08	28	RU	BR	2	2	F		2	1888	2067	+1	0	13	2
1996	08	31	NL	BR	2	2	F		2	1908	2065	+1	0	10	2
1996	10	16	BR	LT	3	1	F		1	2066	1481	0	−1	2	82
1996	11	13	BR	CM	2	0	F		1	2067	1577	0	0	2	61
1996	12	18	BR	BA	1	0	F		1	2068	1604	0	0	2	54
1997	02	26	BR	PL	4	2	F		2	2070	1669	0	0	2	39
1997	04	02	BR	CL	4	0	F		3	2073	1725	0	+1	2	28
1997	04	30	BR	MX	4	0	F	US	7	2080	1811	0	−1	2	20
1997	05	30	NO	BR	4	2	F		22	1831	2058	+4	0	17	2
1997	06	03	FR	BR	1	1	FT		-3	2035	2061	0	0	3	2
1997	06	08	BR	IT	3	3	FT	FR	-4	2057	1976	0	0	2	7
1997	06	10	BR	EN	1	0	FT	FR	13	2070	1996	0	0	2	5
1997	06	13	BR	CR	5	0	CA	BO	8	2078	1634	+1	0	1	46
1997	06	16	BR	MX	3	2	CA	BO	10	2088	1836	0	0	1	16
1997	06	19	BR	CO	2	0	CA	BO	14	2102	1816	0	−3	1	21
1997	06	22	BR	PY	2	0	CA	BO	13	2115	1810	0	−3	1	20
1997	06	26	BR	PE	7	0	CA	BO	10	2125	1705	0	−2	1	34
1997	06	29	BO	BR	1	3	CA		-16	1782	2141	−4	0	26	1
1997	08	10	KR	BR	1	2	F		-2	1667	2143	0	0	43	1
1997	08	13	JP	BR	0	3	F		-5	1719	2148	−1	0	31	1
1997	09	10	BR	EC	4	2	F		2	2150	1776	0	0	1	23
1997	10	09	BR	MA	2	0	F		1	2151	1736	0	0	1	30
1997	11	11	BR	WA	3	0	F		1	2152	1574	0	0	1	59
1997	12	07	ZA	BR	1	2	F		-3	1716	2155	0	0	36	1
1997	12	12	SA	BR	0	3	CC		-8	1647	2163	0	0	46	1
1997	12	14	AU	BR	0	0	CC	SA	18	1876	2145	+2	0	13	1
1997	12	16	BR	MX	3	2	CC	SA	6	2151	1790	0	−1	1	22
1997	12	19	BR	CZ	2	0	CC	SA	12	2163	1847	0	−2	1	16
1997	12	21	BR	AU	6	0	CC	SA	16	2179	1845	0	−2	1	16
1998	02	03	BR	JM	0	0	CCH	US	-23	2156	1660	0	+3	1	45
1998	02	05	BR	GT	1	1	CCH	US	-23	2133	1581	0	+4	1	57
1998	02	08	BR	SV	4	0	CCH	US	3	2136	1518	0	0	1	73
1998	02	10	US	BR	1	0	CCH		42	1793	2094	+8	0	22	1
1998	02	15	BR	JM	1	0	CCH	US	4	2098	1679	0	−1	1	41
1998	03	25	DE	BR	1	2	F		-12	2062	2110	0	0	2	1
1998	04	29	BR	AR	0	1	F		-18	2092	1878	0	+4	1	12
1998	06	03	BR	AD	3	0	F	FR	0	2092	1067	0	0	1	178
1998	06	10	BR	SQ	2	1	WC	FR	8	2100	1768	0	0	1	24
1998	06	16	BR	MA	3	0	WC	FR	12	2112	1729	0	−1	1	31
1998	06	23	NO	BR	2	1	WC	FR	48	1927	2064	+2	0	11	1
1998	06	27	BR	CL	4	1	WC	FR	17	2081	1761	+1	0	1	23
1998	07	03	BR	DK	3	2	WC	FR	16	2097	1882	+1	−2	1	14
1998	07	07	BR	NL	1	1	WC	FR	-6	2091	2030	0	+1	1	2
1998	07	12	FR	BR	3	0	WC		45	2089	2046	+1	−1	1	2
1998	09	23	BR	YU	1	1	F		-5	2041	1959	0	0	2	8
1998	10	14	BR	EC	5	1	F	US	6	2047	1753	0	−1	2	24
1998	11	18	BR	RU	5	1	F		4	2051	1779	0	0	2	20
1999	03	28	KR	BR	1	0	F		16	1736	2035	+5	0	31	2
1999	03	31	JP	BR	0	2	F		-5	1640	2040	−2	0	52	2
1999	06	05	BR	NL	2	2	F		-5	2035	1974	0	0	2	5
1999	06	08	BR	NL	3	1	F		9	2044	1965	+1	0	1	5
1999	06	26	BR	LV	3	0	F		1	2045	1461	0	−1	1	87
1999	06	30	BR	VE	7	0	CA	PY	3	2048	1417	0	0	1	102
1999	07	03	BR	MX	2	1	CA	PY	14	2062	1875	0	−1	1	16
1999	07	06	BR	CL	1	0	CA	PY	7	2069	1747	0	−2	1	28
1999	07	11	BR	AR	2	1	CA	PY	14	2083	1888	0	−2	1	14
1999	07	14	BR	MX	2	0	CA	PY	17	2100	1853	0	0	1	16
1999	07	18	BR	UY	3	0	CA	PY	11	2111	1744	0	−3	1	29
1999	07	24	BR	DE	4	0	CC	MX	26	2137	1919	0	−3	1	9
1999	07	28	BR	US	1	0	CC	MX	5	2142	1743	0	−2	1	30
1999	07	30	BR	NZ	2	0	CC	MX	2	2144	1506	0	−1	1	76
1999	08	01	BR	SA	8	2	CC	MX	9	2153	1724	0	0	1	32
1999	08	04	MX	BR	4	3	CC		36	1928	2117	+6	0	7	1
1999	09	04	AR	BR	2	0	ZHC		30	1918	2087	+4	0	10	1
1999	09	07	BR	AR	4	2	ZHC		8	2095	1910	0	−1	1	11
1999	10	09	NL	BR	2	2	F		1	1958	2094	+1	0	4	1
1999	11	13	ES	BR	0	0	F		-1	2029	2095	0	0	3	1
2000	02	23	TH	BR	0	7	KNG		-3	1460	2098	−1	0	88	1
2000	03	28	CO	BR	0	0	WQ		13	1755	2085	+4	0	23	1
2000	04	26	BR	EC	3	2	WQ		2	2087	1675	0	0	1	43
2000	05	23	WA	BR	0	3	F		-3	1556	2090	−1	0	63	1
2000	05	27	EN	BR	1	1	F		2	1908	2088	+2	0	10	1
2000	06	04	PE	BR	0	1	WQ		-8	1749	2096	−1	0	25	1
2000	06	28	BR	UY	1	1	WQ		-17	2079	1762	−1	+3	2	26
2000	07	18	PY	BR	2	1	WQ		31	1804	2048	+2	0	19	2
2000	07	26	BR	AR	3	1	WQ		17	2065	1969	0	−1	2	7
2000	08	15	CL	BR	3	0	WQ		56	1775	2009	+12	−2	22	4
2000	09	03	BR	BO	5	0	WQ		4	2013	1573	+1	0	3	61
2000	10	08	VE	BR	0	6	WQ		-5	1425	2018	0	0	95	3
2000	11	15	BR	CO	1	0	WQ		5	2023	1767	0	−2	2	25
2001	03	03	US	BR	1	2	F		-7	1812	2030	0	0	17	2
2001	03	07	MX	BR	3	3	F		4	1771	2026	+3	0	25	2
2001	03	28	EC	BR	1	0	WQ		32	1724	1994	+8	−3	34	6
2001	04	25	BR	PE	1	1	WQ		-16	1978	1712	0	+4	6	36
2001	05	31	BR	CM	2	0	CC	JP	13	1991	1694	0	−2	6	39
2001	06	02	BR	CA	0	0	CC	JP	-20	1971	1638	0	+2	6	53
2001	06	04	JP	BR	0	0	CC		4	1825	1967	+1	0	20	6
2001	06	07	FR	BR	2	1	CC	KR	16	2118	1951	0	−1	1	7
2001	06	09	AU	BR	1	0	CC	KR	34	1848	1917	+6	0	15	7
2001	07	01	UY	BR	1	0	WQ		23	1794	1894	+2	−2	25	9
2001	07	12	MX	BR	1	0	CA	CO	39	1723	1855	+10	−5	32	14
2001	07	15	BR	PE	2	0	CA	CO	22	1877	1678	+3	−4	11	43
2001	07	18	BR	PY	3	1	CA	CO	34	1911	1812	+3	−6	8	21
2001	07	23	HN	BR	2	0	CA	CO	56	1777	1855	+6	−6	27	14
2001	08	09	BR	PA	5	0	F		2	1857	1397	+1	−1	14	106
2001	08	15	BR	PY	2	0	WQ		18	1875	1794	+1	−3	13	24
2001	09	05	AR	BR	2	1	WQ		8	2037	1867	0	−2	2	12
2001	10	07	BR	CL	2	0	WQ		7	1874	1604	+1	−2	10	55
2001	11	07	BO	BR	3	1	WQ		50	1553	1824	+14	−10	64	20
2001	11	14	BR	VE	3	0	WQ		9	1833	1572	+2	−1	18	61
2002	01	31	BR	BO	6	0	F		5	1838	1558	+2	0	15	62
2002	02	06	SA	BR	0	1	F		-9	1708	1847	−1	0	39	15
2002	03	07	BR	IS	6	1	F		5	1852	1591	0	−1	15	57
2002	03	27	BR	YU	1	0	F		7	1859	1837	+1	0	14	16
2002	04	17	PT	BR	1	1	F		-6	1973	1865	0	0	5	14
2002	05	25	MY	BR	0	4	F		-2	1275	1867	0	0	140	12
2002	06	03	BR	TR	2	1	WC	KR	21	1888	1735	+4	−5	9	33
2002	06	08	BR	CN	4	0	WC	KR	24	1912	1637	+2	−5	8	50
2002	06	13	BR	CR	5	2	WC	KR	35	1947	1753	+3	−6	7	32
2002	06	17	BR	BE	2	0	WC	JP	33	1980	1822	+3	−4	5	20
2002	06	21	BR	EN	2	1	WC	JP	31	2011	1962	+4	−3	1	6
2002	06	26	BR	TR	1	0	WC	JP	17	2028	1834	0	−2	1	16
2002	06	30	BR	DE	2	0	WC	JP	42	2070	1960	0	−3	1	6
2002	08	21	BR	PY	0	1	F		-18	2052	1753	0	+5	1	32
2002	11	20	KR	BR	2	3	F		-5	1768	2057	0	0	29	1
2003	02	12	CN	BR	0	0	F		8	1613	2049	+1	−1	54	2
2003	03	29	PT	BR	2	1	F		11	1931	2038	+1	0	7	2
2003	04	30	MX	BR	0	0	F		3	1836	2035	+2	0	15	2
2003	06	11	NG	BR	0	3	F		-10	1757	2045	−3	+1	29	1
2003	06	19	CM	BR	1	0	CC	FR	42	1789	2003	+9	−2	22	3
2003	06	21	BR	US	1	0	CC	FR	13	2016	1804	0	−1	3	20
2003	06	23	BR	TR	2	2	CC	FR	-10	2006	1875	0	+2	3	12
2003	07	13	MX	BR	1	0	CCH		31	1853	1975	+3	−1	14	4
2003	07	15	BR	HN	2	1	CCH	MX	8	1983	1670	0	−2	4	45
2003	07	19	BR	CO	2	0	CCH	US	21	2004	1793	0	−1	4	21
2003	07	23	US	BR	1	2	CCH		-20	1818	2024	−2	+1	19	3
2003	07	27	MX	BR	1	0	CCH		29	1899	1995	+3	−1	11	4
2003	09	07	CO	BR	1	2	WQ		-14	1776	2009	−5	0	25	4
2003	09	10	BR	EC	1	0	WQ		4	2013	1739	0	−2	4	31
2003	10	12	BR	JM	1	0	F	EN	2	2015	1588	+1	−1	3	61
2003	11	16	PE	BR	1	1	WQ		12	1682	2003	+3	0	41	3
2003	11	19	BR	UY	3	3	WQ		-13	1990	1860	−1	+2	4	12
2004	02	18	IE	BR	0	0	F		2	1835	1988	+1	−1	14	5
2004	03	31	PY	BR	0	0	WQ		5	1797	1983	+3	0	20	5
2004	04	28	HU	BR	1	4	F		-5	1551	1988	−2	0	70	5
2004	05	20	FR	BR	0	0	F		-5	2054	1993	0	0	1	5
2004	06	02	BR	AR	3	1	WQ		24	2017	2002	+2	−2	2	4
2004	06	06	CL	BR	1	1	WQ		11	1704	2006	+2	−1	37	3
2004	07	08	BR	CL	1	0	CA	PE	7	2013	1697	0	0	2	35
2004	07	11	BR	CR	4	1	CA	PE	12	2025	1675	+1	−6	1	43
2004	07	14	PY	BR	2	1	CA	PE	39	1835	1986	+4	−2	19	3
2004	07	18	BR	MX	4	0	CA	PE	34	2020	1856	+1	−4	2	14
2004	07	21	BR	UY	1	1	CA	PE	-15	2005	1785	−1	+1	3	27
2004	07	25	AR	BR	2	2	CA	PE	0	2010	2005	0	0	2	3
2004	08	18	HT	BR	0	6	F		-3	1452	2008	−3	0	96	3
2004	09	05	BR	BO	3	1	WQ		3	2011	1577	0	0	2	65
2004	09	08	DE	BR	1	1	F		2	1853	2009	0	0	15	2
2004	10	09	VE	BR	2	5	WQ		-11	1613	2020	−2	0	59	2
2004	10	13	BR	CO	0	0	WQ		-15	2005	1795	0	+2	2	26
2004	11	17	EC	BR	1	0	WQ		33	1668	1972	+7	−3	44	5
2005	02	09	HK	BR	1	7	CBG		-1	1209	1973	−1	+1	153	4
2005	03	27	BR	PE	1	0	WQ		4	1977	1678	+1	−2	3	44
2005	03	30	UY	BR	1	1	WQ		4	1819	1973	−1	−1	20	4
2005	04	27	BR	GT	3	0	F		2	1975	1593	0	0	4	64
2005	06	05	BR	PY	4	1	WQ		9	1984	1734	+1	0	4	32
2005	06	08	AR	BR	3	1	WQ		21	2009	1963	+2	−1	1	5
2005	06	16	BR	GR	3	0	CC	DE	33	1996	1846	+1	−3	4	16
2005	06	19	MX	BR	1	0	CC	DE	30	1959	1966	+2	−1	6	5
2005	06	22	BR	JP	2	2	CC	DE	-10	1956	1829	0	+2	5	18
2005	06	25	DE	BR	2	3	CC		-29	1883	1985	−3	0	12	5
2005	06	29	BR	AR	4	1	CC	DE	49	2034	1974	+4	−4	1	5
2005	08	17	HR	BR	1	1	F		2	1872	2032	0	0	13	1
2005	09	04	BR	CL	5	0	WQ		5	2037	1673	0	−2	1	46
2005	10	09	BO	BR	1	1	WQ		16	1578	2021	+2	−1	64	2
2005	10	12	BR	VE	3	0	WQ		3	2024	1605	+1	+1	1	57
2005	11	12	AE	BR	0	8	F		-3	1440	2027	0	0	97	1
2006	03	01	RU	BR	0	1	F		-5	1751	2032	−1	0	34	1
2006	06	04	BR	NZ	4	0	F	CH	2	2034	1515	0	0	1	75
2006	06	13	BR	HR	1	0	WC	DE	15	2049	1823	0	−1	1	17
2006	06	18	BR	AU	2	0	WC	DE	21	2070	1821	0	−2	1	17
2006	06	22	BR	JP	4	1	WC	DE	15	2085	1737	0	−1	1	35
2006	06	27	BR	GH	3	0	WC	DE	12	2097	1714	0	−1	1	39
2006	07	01	FR	BR	1	0	WC	DE	38	2037	2059	+3	0	2	1
2006	08	16	NO	BR	1	1	F		6	1740	2053	+1	+1	34	2
2006	09	03	BR	AR	3	0	F	EN	15	2068	1989	0	−1	2	6
2006	09	05	BR	WA	2	0	F	EN	2	2070	1598	0	0	2	62
2006	10	10	BR	EC	2	1	F	SE	3	2073	1761	0	−1	1	28
2006	11	15	CH	BR	1	2	F		-7	1846	2080	0	0	15	1
2007	02	06	PT	BR	2	0	F	EN	22	1918	2058	+1	−1	8	2
2007	03	24	BR	CL	4	0	F	SE	5	2063	1740	0	+1	1	36
2007	03	27	BR	GH	1	0	F	SE	3	2066	1767	0	0	1	28
2007	06	01	EN	BR	1	1	F		1	1940	2065	0	0	7	1
2007	06	05	BR	TR	0	0	F	DE	-6	2059	1840	0	+1	1	15
2007	06	27	MX	BR	2	0	CA	VE	60	1872	1999	+5	−2	13	3
2007	07	01	BR	CL	3	0	CA	VE	18	2017	1752	+1	−7	3	35
2007	07	04	BR	EC	1	0	CA	VE	7	2024	1693	0	0	4	42
2007	07	07	BR	CL	6	1	CA	VE	18	2042	1743	+2	−5	2	37
2007	07	10	BR	UY	2	2	CA	VE	-13	2029	1856	−1	0	4	15
2007	07	15	BR	AR	3	0	CA	VE	50	2079	2028	+3	−3	1	4
2007	08	22	BR	DZ	2	0	F	FR	1	2080	1405	0	−1	1	105
2007	09	09	US	BR	2	4	F		-6	1736	2086	0	0	33	1
2007	09	12	BR	MX	3	1	F	US	8	2094	1907	0	−1	1	10
2007	10	14	CO	BR	0	0	WQ		10	1811	2084	+1	0	19	1
2007	10	17	BR	EC	5	0	WQ		4	2088	1660	0	−3	1	46
2007	11	18	PE	BR	1	1	WQ		15	1661	2073	+3	0	47	1
2007	11	21	BR	UY	2	1	WQ		4	2077	1797	0	−1	1	21
2008	02	06	IE	BR	0	1	F		-5	1765	2082	+2	0	29	1
2008	03	26	BR	SE	1	0	F	EN	3	2085	1793	0	0	1	23
2008	05	31	BR	CA	3	2	F	US	1	2086	1610	0	0	1	56
2008	06	06	VE	BR	2	0	F	US	28	1678	2058	+5	0	43	1
2008	06	15	PY	BR	2	0	WQ		42	1847	2016	+4	−1	14	3
2008	06	18	BR	AR	0	0	WQ		-6	2010	2021	−2	+1	5	3
2008	09	07	CL	BR	0	3	WQ		-22	1753	2032	−7	0	31	2
2008	09	10	BR	BO	0	0	WQ		-18	2014	1589	0	+4	2	59
2008	10	12	VE	BR	0	4	WQ		-13	1634	2027	−3	0	52	2
2008	10	15	BR	CO	0	0	WQ		-16	2011	1740	−1	+3	3	35
2008	11	19	BR	PT	6	2	F		6	2017	1822	0	−2	3	18
2009	02	10	BR	IT	2	0	F	EN	14	2031	1990	+1	0	2	4
2009	03	29	EC	BR	1	1	WQ		12	1715	2019	+3	−1	39	3
2009	04	01	BR	PE	3	0	WQ		3	2022	1566	0	0	3	66
2009	06	06	UY	BR	0	4	WQ		-31	1832	2053	−1	+1	12	2
2009	06	10	BR	PY	2	1	WQ		4	2057	1788	0	−2	2	24
2009	06	15	BR	EG	4	3	CC	ZA	6	2063	1703	0	−2	2	44
2009	06	18	BR	US	3	0	CC	ZA	15	2078	1775	0	−4	2	26
2009	06	21	BR	IT	3	0	CC	ZA	30	2108	1938	0	−1	2	6
2009	06	25	ZA	BR	0	1	CC		-4	1559	2112	−1	0	70	1
2009	06	28	BR	US	3	2	CC	ZA	10	2122	1870	0	0	1	11
2009	08	12	EE	BR	0	1	F		-1	1428	2123	−1	0	102	1
2009	09	05	AR	BR	1	3	WQ		-20	1888	2143	−3	0	10	1
2009	09	09	BR	CL	4	2	WQ		5	2148	1830	0	0	1	13
2009	10	11	BO	BR	2	1	WQ		37	1619	2111	+7	0	56	1
2009	10	14	BR	VE	0	0	WQ		-18	2093	1720	0	+1	1	39
2009	11	14	BR	EN	1	0	F	QA	7	2100	1985	0	0	1	4
2009	11	17	OM	BR	0	2	F		-3	1585	2103	−2	0	63	1
2010	03	02	BR	IE	2	0	F	EN	4	2107	1763	0	−1	1	27
2010	06	02	ZW	BR	0	3	F		-1	1331	2108	−1	0	123	1
2010	06	07	TZ	BR	1	5	F		-1	1331	2109	0	+1	122	1
2010	06	15	BR	KP	2	1	WC	ZA	2	2111	1535	+1	−2	1	81
2010	06	20	BR	CI	3	1	WC	ZA	10	2121	1740	0	−5	1	31
2010	06	25	BR	PT	0	0	WC	ZA	-18	2103	1901	0	+2	1	9
2010	06	28	BR	CL	3	0	WC	ZA	26	2129	1881	0	−2	1	10
2010	07	02	NL	BR	2	1	WC	ZA	34	2111	2095	+2	−2	1	3
2010	08	10	US	BR	0	2	F		-6	1762	2101	−2	+1	26	2
2010	10	07	BR	IR	3	0	F	AE	3	2104	1695	0	−1	2	39
2010	10	11	BR	UA	2	0	F	EN	5	2109	1807	0	−1	2	16
2010	11	17	AR	BR	1	0	F	QA	14	1993	2095	0	−1	5	3
2011	02	09	FR	BR	1	0	F		15	1817	2080	+3	0	15	3
2011	03	27	BR	SQ	2	0	F	EN	3	2083	1674	0	−1	3	43
2011	06	04	BR	NL	0	0	F		-2	2081	2118	0	0	3	2
2011	06	07	BR	RO	1	0	F		1	2082	1714	0	0	3	37
2011	07	03	BR	VE	0	0	CA	AR	-19	2063	1739	0	+4	3	32
2011	07	09	BR	PY	2	2	CA	AR	-17	2046	1802	−1	+3	4	18
2011	07	13	BR	EC	4	2	CA	AR	9	2055	1698	+1	−2	3	40
2011	07	17	BR	PY	0	0	CA	AR	-16	2039	1815	−1	+3	4	16
2011	08	10	DE	BR	3	2	F		7	2061	2032	0	0	3	4
2011	09	05	BR	GH	1	0	F	EN	4	2036	1759	0	−2	4	28
2011	09	14	AR	BR	0	0	NLC		0	1929	2036	0	0	7	4
2011	09	28	BR	AR	2	0	NLC		10	2046	1919	0	0	4	7
2011	10	07	CR	BR	0	1	F		-3	1646	2049	−2	0	50	4
2011	10	11	MX	BR	1	2	F		-8	1857	2057	−2	0	13	4
2011	11	10	GA	BR	0	2	F		-3	1560	2060	0	0	72	4
2011	11	14	BR	EG	2	0	F	QA	4	2064	1720	0	+1	4	35
2012	02	28	BR	BA	2	1	F	CH	2	2066	1692	0	0	4	40
2012	05	26	BR	DK	3	1	F	DE	6	2072	1804	+1	−1	2	18
2012	05	30	US	BR	1	4	F		-8	1752	2080	−1	0	30	2
2012	06	03	MX	BR	2	0	F	US	23	1889	2057	+2	−1	9	3
2012	06	09	AR	BR	4	3	F	US	13	1956	2044	+1	0	6	3
2012	08	15	SE	BR	0	3	F		-15	1873	2059	0	+1	12	2
2012	09	07	BR	ZA	1	0	F		1	2060	1573	0	+2	2	66
2012	09	10	BR	CN	8	0	F		2	2062	1632	0	0	2	52
2012	09	19	BR	AR	2	1	NLC		8	2070	1970	0	−2	2	6
2012	10	11	BR	IQ	6	0	F	SE	3	2073	1602	0	−1	2	60
2012	10	16	BR	JP	4	0	F	PL	7	2080	1809	0	−2	2	21
2012	11	14	BR	CO	1	1	F	US	-5	2075	1901	0	−1	2	11
2012	11	21	AR	BR	2	1	NLC		14	2014	2061	0	0	4	2
2013	02	06	EN	BR	2	1	F		10	1962	2051	0	−1	6	3
2013	03	21	BR	IT	2	2	F	CH	-4	2047	1919	0	0	3	7
2013	03	25	BR	RU	1	1	F	EN	-4	2043	1893	0	+1	3	10
2013	04	06	BO	BR	0	4	F		-5	1631	2048	0	0	50	3
2013	04	24	BR	CL	2	2	F		-7	2041	1823	0	+1	3	16
2013	06	02	BR	EN	2	2	F		-5	2036	1951	0	0	3	6
2013	06	09	BR	FR	3	0	F		6	2042	1858	0	0	3	13
2013	06	15	BR	JP	3	0	CC		9	2051	1766	0	−1	3	26
2013	06	19	BR	MX	2	0	CC		11	2062	1829	+1	−2	2	18
2013	06	22	BR	IT	4	2	CC		17	2079	1928	0	0	2	7
2013	06	26	BR	UY	2	1	CC		7	2086	1848	0	−3	2	17
2013	06	30	BR	ES	3	0	CC		39	2125	2109	+1	−1	1	2
2013	08	14	CH	BR	1	0	F		15	1835	2110	+1	−1	18	2
2013	09	07	BR	AU	6	0	F		2	2112	1720	0	0	2	33
2013	09	10	BR	PT	3	1	F	US	7	2119	1911	+1	0	1	9
2013	10	12	KR	BR	0	2	F		-4	1673	2123	0	+1	44	1
2013	10	15	BR	ZM	2	0	F	CN	1	2124	1537	0	0	1	76
2013	11	16	BR	HN	5	0	F	US	3	2127	1681	0	0	1	43
2013	11	19	BR	CL	2	1	F	CA	5	2132	1914	0	−1	1	10
2014	03	05	ZA	BR	0	5	F		-3	1570	2135	0	0	65	1
2014	06	03	BR	PA	4	0	F		2	2137	1699	0	0	1	38
2014	06	06	BR	RS	1	0	F		1	2138	1765	0	0	1	26
2014	06	12	BR	HR	3	1	WC		7	2145	1811	0	−1	1	21
2014	06	17	BR	MX	0	0	WC		-25	2120	1853	0	+3	1	15
2014	06	23	BR	CM	4	1	WC		2	2122	1565	0	−1	1	68
2014	06	28	BR	CL	1	1	WC		-19	2103	1981	0	0	1	7
2014	07	04	BR	CO	2	1	WC		16	2119	2018	0	0	2	5
2014	07	08	BR	DE	1	7	WC		-81	2038	2203	−2	0	4	1
2014	07	12	BR	NL	0	3	WC		-59	1979	2153	−3	0	7	2
2014	09	05	BR	CO	1	0	F	US	11	1990	2007	+2	0	5	4
2014	09	09	BR	EC	1	0	F	US	6	1996	1839	0	0	5	16
2014	10	11	BR	AR	2	0	NLC	CN	28	2024	2060	+1	0	4	3
2014	10	14	BR	JP	4	0	F	SG	6	2030	1714	0	−2	4	34
2014	11	12	TR	BR	0	4	F		-7	1679	2037	−2	+1	42	3
2014	11	18	AT	BR	1	2	F		-4	1714	2041	−1	0	33	3
2015	03	26	FR	BR	1	3	F		-16	1949	2057	0	+1	7	2
2015	03	29	BR	CL	1	0	F	EN	7	2064	1936	0	0	2	8
2015	06	07	BR	MX	2	0	F		5	2069	1886	0	−1	2	13
2015	06	10	BR	HN	1	0	F		0	2069	1528	0	0	2	75
2015	06	14	BR	PE	2	1	CA	CL	6	2075	1714	0	−5	2	40
2015	06	17	CO	BR	1	0	CA	CL	31	2015	2044	+1	−1	4	3
2015	06	21	BR	VE	2	1	CA	CL	6	2050	1698	0	0	3	42
2015	06	27	BR	PY	1	1	CA	CL	-18	2032	1744	0	+7	3	30
2015	09	05	BR	CR	1	0	F	US	4	2036	1762	0	0	3	24
2015	09	08	US	BR	1	4	F		-11	1794	2047	−2	0	20	3
2015	10	08	CL	BR	2	0	WQ		27	2004	2020	0	+1	5	2
2015	10	13	BR	VE	3	1	WQ		4	2024	1639	0	0	2	50
2015	11	13	AR	BR	1	1	WQ		-5	1999	2029	−1	0	5	2
2015	11	17	BR	PE	3	0	WQ		9	2038	1787	0	−4	2	23
2016	03	25	BR	UY	2	2	WQ		-10	2028	1956	0	+1	3	8
2016	03	29	PY	BR	2	2	WQ		10	1751	2018	0	0	31	3
2016	05	29	BR	PA	2	0	F	US	4	2022	1676	0	0	3	42
2016	06	04	BR	EC	0	0	CA	US	-10	2012	1882	0	0	3	14
2016	06	08	BR	HT	7	1	CA	US	5	2017	1485	+1	−1	3	87
2016	06	12	PE	BR	1	0	CA	US	39	1831	1978	+3	−3	17	6
2016	09	01	EC	BR	0	3	WQ		-33	1826	2011	−1	+2	16	3
2016	09	06	BR	CO	2	1	WQ		12	2023	1946	0	−1	3	7
2016	10	06	BR	BO	5	0	WQ		5	2028	1629	+1	−1	2	52
2016	10	11	VE	BR	0	2	WQ		-12	1672	2040	−1	+1	46	2
2016	11	10	BR	AR	3	0	WQ		26	2066	2027	+1	−2	1	3
2016	11	15	PE	BR	0	2	WQ		-21	1834	2087	−3	0	20	1
2017	01	25	BR	CO	1	0	F		4	2091	1925	0	−2	1	10
2017	03	23	UY	BR	1	4	WQ		-27	1887	2118	−2	0	14	1
2017	03	28	BR	PY	3	0	WQ		4	2122	1720	0	0	1	34
2017	06	09	AR	BR	1	0	F	AU	13	2017	2109	0	0	3	1
2017	06	13	AU	BR	0	4	F		-6	1717	2115	0	0	35	1
2017	08	31	BR	EC	2	0	WQ		5	2120	1798	0	0	1	21
2017	09	05	CO	BR	1	1	WQ		3	1962	2117	0	0	7	1
2017	10	05	BO	BR	0	0	WQ		14	1718	2103	+2	−1	37	2
2017	10	10	BR	CL	3	0	WQ		9	2112	1859	0	−2	2	15
2017	11	10	BR	JP	3	1	F	FR	3	2115	1747	+1	+1	1	28
2017	11	14	EN	BR	0	0	F		2	1932	2113	0	0	7	1
2018	03	23	RU	BR	0	3	F		-5	1691	2118	−2	0	45	1
2018	03	27	DE	BR	0	1	F		-12	2091	2130	0	0	2	1
2018	06	03	BR	HR	2	0	F	EN	5	2135	1847	0	0	1	17
2018	06	10	AT	BR	0	3	F		-6	1742	2141	−5	0	33	1
2018	06	17	BR	CH	1	1	WC	RU	-19	2122	1907	0	+4	1	10
2018	06	22	BR	CR	2	0	WC	RU	8	2130	1708	0	−2	1	42
2018	06	27	BR	RS	2	0	WC	RU	11	2141	1780	0	0	1	21
2018	07	02	BR	MX	2	0	WC	RU	14	2155	1828	0	0	1	19
2018	07	06	BE	BR	2	1	WC	RU	42	2050	2113	+1	0	3	1
2018	09	07	US	BR	0	2	F		-6	1756	2119	−3	0	29	2
2018	09	11	BR	SV	5	0	F	US	1	2120	1470	0	0	2	87
2018	10	12	SA	BR	0	2	FT		-3	1582	2123	−1	0	61	1
2018	10	16	BR	AR	1	0	FT	SA	7	2130	1900	0	0	1	12
2018	11	16	BR	UY	1	0	F	EN	5	2135	1925	0	0	1	11
2018	11	20	BR	CM	1	0	F	EN	1	2136	1598	0	+2	1	57
2019	03	23	BR	PA	1	1	F	PT	-9	2127	1569	0	+3	1	63
2019	03	26	CZ	BR	1	3	F		-4	1714	2131	−2	0	38	1
2019	06	05	BR	QA	2	0	F		2	2133	1769	0	+2	1	27
2019	06	09	BR	HN	7	0	F		1	2134	1600	0	−1	1	60
2019	06	14	BR	BO	3	0	CA		3	2137	1634	0	0	1	52
2019	06	18	BR	VE	0	0	CA		-21	2116	1809	0	+3	1	21
2019	06	22	BR	PE	5	0	CA		10	2126	1827	0	0	1	18
2019	06	27	BR	PY	0	0	CA		-23	2103	1736	0	+5	1	36
2019	07	02	BR	AR	2	0	CA		12	2115	1911	0	−1	1	12
2019	07	07	BR	PE	3	1	CA		10	2125	1875	0	−2	1	17
2019	09	06	BR	CO	2	2	F	US	-3	2122	2015	0	−1	1	6
2019	09	10	PE	BR	1	0	F	US	16	1877	2106	0	0	17	1
2019	10	10	BR	SN	1	1	F	SG	-8	2098	1757	0	+2	1	28
2019	10	13	BR	NG	1	1	F	SG	-8	2090	1695	0	0	1	44
2019	11	15	AR	BR	1	0	F	SA	14	1970	2076	+1	0	8	1
2019	11	19	BR	KR	3	0	F	AE	5	2081	1753	0	+2	2	28
2020	10	09	BR	BO	5	0	WQ		3	2084	1592	0	0	2	59
2020	10	13	PE	BR	2	4	WQ		-20	1843	2104	−2	0	18	1
2020	11	13	BR	VE	1	0	WQ		3	2107	1785	0	−1	1	25
2020	11	17	UY	BR	0	2	WQ		-28	1952	2135	−3	0	11	1
2021	06	04	BR	EC	2	0	WQ		5	2140	1823	0	−1	1	20
2021	06	08	PY	BR	0	2	WQ		-11	1771	2151	−1	0	28	1
2021	06	13	BR	VE	3	0	CA		5	2156	1761	0	−2	1	33
2021	06	17	BR	PE	4	0	CA		6	2162	1780	0	−1	1	26
2021	06	23	BR	CO	2	1	CA		5	2167	1892	0	−2	1	15
2021	06	27	BR	EC	1	1	CA		-22	2145	1803	−1	+4	2	23
2021	07	02	BR	CL	1	0	CA		4	2149	1794	+1	−1	1	26
2021	07	05	BR	PE	1	0	CA		4	2153	1828	0	0	1	18
2021	07	10	BR	AR	0	1	CA		-39	2114	2063	−1	+1	2	5
2021	09	02	CL	BR	0	1	WQ		-9	1785	2123	−1	0	26	2
2021	09	09	BR	PE	2	0	WQ		5	2128	1815	0	0	2	21
2021	10	07	VE	BR	1	3	WQ		-8	1707	2136	−2	+1	38	1
2021	10	10	CO	BR	0	0	WQ		6	1937	2130	+2	0	11	1
2021	10	14	BR	UY	4	1	WQ		10	2140	1913	0	−1	1	14
2021	11	11	BR	CO	1	0	WQ		6	2146	1918	0	0	1	12
2021	11	16	AR	BR	0	0	WQ		-3	2101	2149	−1	0	3	1
2022	01	27	EC	BR	1	1	WQ		10	1859	2139	0	0	16	1
2022	02	01	BR	PY	4	0	WQ		3	2142	1707	0	0	1	40
2022	03	24	BR	CL	4	0	WQ		6	2148	1797	0	−1	1	29
2022	03	29	BO	BR	0	4	WQ		-7	1634	2155	−1	0	55	1
2022	06	02	KR	BR	1	5	F		-7	1794	2162	−2	0	29	1
2022	06	06	JP	BR	0	1	F		-4	1802	2166	−4	0	29	1
2022	09	23	BR	GH	3	0	F	FR	1	2167	1534	0	0	1	76
2022	09	27	BR	TN	5	1	F	FR	2	2169	1685	0	0	1	43
2022	11	24	BR	RS	2	0	WC	QA	16	2185	1882	0	0	1	16
2022	11	28	BR	CH	1	0	WC	QA	10	2195	1900	0	+1	1	14
2022	12	02	CM	BR	1	0	WC	QA	58	1676	2137	+9	0	47	1
2022	12	05	BR	KR	4	1	WC	QA	13	2150	1788	0	−1	1	26
2022	12	09	BR	HR	1	1	WC	QA	-17	2133	1952	0	+1	1	10
2023	03	25	MA	BR	2	1	F		14	1880	2119	0	0	16	2
2023	06	17	BR	GN	4	1	F	ES	1	2120	1415	0	−1	2	101
2023	06	20	SN	BR	4	2	F	PT	27	1767	2093	+5	−1	30	3
2023	09	08	BR	BO	5	1	WQ		2	2095	1601	0	0	3	61
2023	09	12	PE	BR	0	1	WQ		-12	1829	2107	−4	+1	23	2
2023	10	12	BR	VE	1	1	WQ		-18	2089	1729	−1	+1	3	37
2023	10	17	UY	BR	2	0	WQ		36	1950	2053	+4	0	9	3
2023	11	16	CO	BR	2	1	WQ		21	1962	2032	+1	0	10	3
2023	11	21	BR	AR	0	1	WQ		-21	2011	2139	−2	+1	6	1
2024	03	23	EN	BR	0	1	F		-13	2001	2024	−2	+2	7	4
2024	03	26	ES	BR	3	3	F		-3	2019	2027	+1	+1	4	3
2024	06	08	BR	MX	3	2	F	US	4	2031	1791	0	0	3	23
2024	06	12	US	BR	1	1	F		4	1789	2027	0	0	24	3
2024	06	24	BR	CR	0	0	CA	US	-21	2006	1641	−1	+8	6	51
2024	06	28	BR	PY	4	1	CA	US	13	2019	1691	+1	−2	5	45
2024	07	02	BR	CO	1	1	CA	US	1	2020	2029	0	0	6	4
2024	07	06	BR	UY	0	0	CA	US	0	2020	2026	0	0	6	5
2024	09	06	BR	EC	1	0	WQ		8	2028	1863	+1	0	4	16
2024	09	10	PY	BR	1	0	WQ		32	1711	1996	+6	−1	42	5
2024	10	10	CL	BR	1	2	WQ		-9	1680	2005	0	0	48	5
2024	10	15	BR	PE	4	0	WQ		8	2013	1733	0	−3	5	37
2024	11	14	VE	BR	1	1	WQ		8	1773	2005	−2	0	32	5
2024	11	19	BR	UY	1	1	WQ		-9	1996	1948	+1	+1	5	9
2025	03	20	BR	CO	2	1	WQ		13	2009	1964	+1	−1	4	8
2025	03	25	AR	BR	4	1	WQ		16	2141	1993	0	0	2	5
2025	06	05	EC	BR	0	0	WQ		-1	1910	1994	0	0	12	6
2025	06	10	BR	PY	1	0	WQ		7	2001	1825	+1	−1	5	23
2025	09	04	BR	CL	3	0	WQ		6	2007	1683	0	−2	5	49
2025	09	09	BO	BR	1	0	WQ		32	1689	1975	+3	−2	49	7
2025	10	10	KR	BR	0	5	F		-14	1760	1989	−5	+1	34	6
2025	10	14	JP	BR	3	2	F		11	1871	1978	+1	0	17	7
2025	11	15	BR	SN	2	0	F	EN	8	1986	1801	0	0	6	24
2025	11	18	BR	TN	1	1	F	FR	-8	1978	1650	0	+3	6	52
2026	03	26	FR	BR	2	1	F	US	8	2070	1970	0	−1	3	7
2026	03	31	BR	HR	3	1	F	US	14	1984	1930	+2	−1	5	10